SAP_Code;Project_Name;Country;RD;Total_Cost_m.ua;bank_contrib_m_ua;Country_type;Sector;PCR_Year;peoples
P-CV-DA0-002;CONSTRUCTION D'1 NOUVEL AEROPORT A PRAIA;Cape Verde;RDGW;28.456;6.544;ADB;Transport;2006;114985
P-CV-DB0-002;PROJET ROUTIER;Cape Verde;RDGW;3.89;3.24131057;ADB;Transport;2007;87490
P-Z1-F00-013;NGA/TGO/BEN.POWER SYST.INTERC.PROJ.;Multinational;RDGW;35.02;11.02721699;ADF;Power;2008;968266
P-CV-IAH-001;Projet d’Appui Institutionnel au Secteur de l’Education;Cape Verde;RDGW;1.05;0.985109;ADB;Education;2010;3694
P-Z1-DB0-010;Aménagement de la Route Kankan - Kouremale - Bamako (Guinée - Mali);Multinational;RDGW;101.58;24;ADF;Transport;2010;266982
P-Z1-DB0-037;Projet  de route Kicukiro-Kirundo;Multinational;RDGE;54.49594632;54.49594632;ADF;Transport;2010;300000
P-Z1-C00-004;Programme de lutte contre l’ensablement dans le bassin du fleuve Niger (PLCE/BN);Multinational;RDGW;23.33;15;ADF;Agriculture;2010;67108
P-NG-IE0-001;Community-Based Poverty Reduction Project;Nigeria;RDGW;71.35;19.15833505;ADB;Microfinance;2010;1637924
P-AO-A00-002;Artisanal Fisheries Development Project;Angola;RDGS;9.256;6.4880275;ADB;Agriculture;2011;413563
P-CV-AA0-007;Projet d’Aménagement et Valorisation des Bassins Versants de Picos et d’Engenhos;Cape Verde;RDGW;10.66;5.79088231;ADB;Agriculture;2011;122428
"P-Z1-FA0-008
P-Z1-FA0-023
P-Z1-FA0-010
P-Z1-FA0-025";MULTINATIONAL (ETHIOPIA-DJIBOUTI) - POWER INTERCONNECTION PROJECT;Multinational;RDGE;73.79;57.72285959;ADF;Power;2011;612307
P-Z1-AAZ-002;Agricultural Marketing Promotion and Regional  Integration Project (AMPRIP) ;Multinational;RDGE;6.164;3.68649723;ADF;Agriculture;2011;10808
P-Z1-AAZ-001;Projet de mise en valeur et de gestion des ressources naturelles /PMVGRN-OMVG;Multinational;RDGW;19.36;11.34102804;ADF;Agriculture;2011;97828
P-Z1-AA0-059; Projet d'Appui à la Lutte Préventive contre le Criquet Pèlerin dans 4 états membres de la CLCPRO;Multinational;RDGN;7.39;4.23138053;ADF;Agriculture;2011;1145164
P-Z1-IAZ-002;Multinational African Virtual University Support Project;Multinational;RDGE;5.51;4.9948419;ADF;Education;2011;13742
P-NG-AA0-026; Agriculture and Rural Institutions Support Project (ARISP);Nigeria;RDGW;3.7;2.63687627;ADB;Agriculture;2011;222
P-Z1-AZ0-005;CREATION OF SUSTAINABLE TSETSE & TRYPANOSOMIASIS FREE AREAS IN EAST AND WEST AFRICA;Multinational;RDGE;6.79;6.78939803;ADF;Agriculture;2012;265356
"P-Z1-AA0-068
MAL: P-Z1-AA0-072
GU : P-Z1-AA0-071
GA : P-Z1-AA0-069
GH: P-Z1-AA0-070
NG: P-Z1-AA0-073
SL: P-Z1-AA0-074
AR : P-Z1-AA0-058";PROJET MULTINATIONAL DE DIFFUSION DU RIZ NERICA (PMDRN);Multinational;RDGW;22;21.43199085;ADF;Agriculture;2012;70360
P-Z1-AA0-085;PROJET DE GESTION INTEGREE DES ADVENTICES AQUATIQUES PROLIFERANTES EN AFRIQUE DE L'OUEST Senegal;Multinational;RDGW;2.45;1.98830137;ADF;Agriculture;2012;19769
P-Z1-AA0-083;Gestion Intégrée des Adventices Aquatiques Proliférantes en Afrique de l'Ouest -Composante du MALI;Multinational;RDGW;1.58;1.27;ADF;Agriculture;2012;201842
P-Z1-AA0-082;Integrated Management of Invasive Aquatic Weeds Project (IMIAWP) Gambia;Multinational;RDGW;0.4;0.30966918;ADF;Agriculture;2012;232252
P-Z1-AA0-084;Integrated Management of Invasive Aquatic Weeds Project (IMIAWP) Nigeria;Multinational;RDGW;2.2;1.609;ADF;Agriculture;2012;219409
P-Z1-AA0-081;Gestion intégrée des adventices aquatiques proliférantes en Afrique de l’Ouest (IMIAW/GIAAP) Niger;Multinational;RDGW;2.1;1.22;ADF;Agriculture;2012;74862
P-Z1-AA0-086;PROJET DE GESTION INTEGREE DES ADVENTICES AQUATIQUES PROLIFERANTES EN AFRIQUE DE L'OUEST mauritania;Multinational;RDGN;1.1;0.61062514;ADF;Agriculture;2012;2484
P-Z1-IBE-001;Projet d'Appui à l'Initiative Régionale de Prévention du VIH/SIDA-IST dans les Pays Membres de la Commission de l'Océan Indien (AIRIS-COI);Multinational;RDGS;10;6;ADF;Health;2012;845
P-NA-DB0-004;KAMANJAB - OMAKANGE ROAD PROJECT ;Namibia;RDGS;28.7744576;16.2108541;ADB;Transport;2012;35831
P-Z1-DB0-018;MOMBASA-NAIROBI-ADDIS ABABA ROAD CORRIDOR DEVELOPMENT PROJECT;Multinational;RDGE;40.33;35.41959262;ADF;Transport;2013;6674657
P-NG-A00-005;Fadama Development Project II;Nigeria;RDGW;25.11700039;22;ADB;Agriculture;2013;181092
P-NG-AA0-025;COMMUNITY-BASED AGR. & RURAL DEVELOPMENT;Nigeria;RDGW;15.97864;13;ADB;Agriculture;2013;232791
P-Z1-C00-006;Freiner l’Agriculture sur Brûlis à partir du Biochar ;Multinational;RDGC;0.26026;0.26026;ADF;Agriculture;2014;167
P-Z1-DBO-013;Programme d'aménagement routier et de facilitation du transport sur le corridor Bamako-Dakar par le sud;Multinational;RDGW;229.38707893;56.67294656;ADF;Transport;2014;438286
P-Z1-DBO-035;Programme daménagement de la route Dori-Tera et de facilitation du transport sur le corridor Ouagadougou-Niamey PR3;Multinational;RDGW;35.76533289;24.25822801;ADF;Transport;2014;1203227
P-Z1-DB0-029;PROJET D'AMENAGEMENT DE LA ROUTE LABE-SE;Multinational;RDGW;147.76;56.4;ADF;Transport;2014;1479195
P-Z1-AAE-007;STRENGTHENING INSTITUTIONS FOR THE RISK MANAGEMENT OF TRANSBOUNDARY ANIMAL DISEASES IN THE SOUTHERN AFRICAN DEVELOPMENT COMMUNITY REGION;Multinational;RDGS;17.518283;10.614207;ADF;Agriculture;2014;4329
P-Z1-AZ0-004;ETHIOPIA CREATION OF SUSTAINABLE TSETSE & TRYPANOSOMIASIS FREE AREAS ;Multinational;RDGE;10.72650503;9.27352439;ADF;Agriculture;2014;742400
P-Z1-IB0-008;APPUI A L'INITIATIVE BASSIN LAC TCHAD;Multinational;RDGC;11.11;10;ADF;Health;2014;16979398
P-Z1-C00-009;Gestion et Exploitation Durable et Innovante des Ressources Forestières(GEDIRF);Multinational;RDGC;0.8479394;0.8479394;ADF;Agriculture;2014;2750
P-Z1-C00-039;Exploitation Intégrée de la plante de Jatropha au Burundi;Burundi;RDGE;0.118809;0.118809;ADF;Agriculture;2016;32000
P-BJ-IB0-006;DEVELOPPEMENT DU SYSTEME DE SANTE;Benin;RDGW;32.52963657;19.39505599;ADF;Health;2016;807975
P-EG-IAZ-001;SCHOOL RECONSTRUCTION;Egypt;RDGN;30;22.43117305;ADB;Education;1996;50435
P-DZ-AAZ-003;Deuxième ligne de crédit (LDC) à la Banque de l'Agriculture et du Développement Rural (BADR) ;Algeria;RDGN;585.840241;157.29120856;ADB;Agriculture;2004;33852
P-CI-IA0-001;PROJET EDUCATION IV   ;Cote d'ivoire;RDGW;58.915;49.53126891;ADF;Education;2004;7336
P-MW-D00-001;MSULIRA-NKHOTAKOTA ROAD PROJECT;Malawi;RDGS;15.245781;12.05849824;ADF;Transport;2004;785403
P-NG-EA0-004;PROJET D`ADDUCTION D`EAU DE L`ETAT DU PLATEAU;Nigeria;RDGW;106.43;94.01;ADB;Water Sup/Sanit;2004;741975
P-TZ-FA0-002;ELECTRICITE IV;Tanzania;RDGE;81.6563;25.51464383;ADF;Power;2006;43016
P-MW-IA0-003;Education III;Malawi;RDGS;13.86;11.70991648;ADF;Education;2005;18824
P-ML-A00-002;DÉVELOPPEMENT RURAL ;Mali;RDGW;11.18;7.35775432;ADF;Agriculture;2005;1546576
P-MA-IBA-001;RENFORCEMENT SOINS SANTE ZONE RURALE 10 PROVINCES;Morocco;RDGN;43.14;23.23355196;ADB;Health;2005;1802512
P-BJ-FA0-001;Electrification de 17 centres ruraux;Benin;RDGW;6.49;4.78601901;ADF;Power;2006;134287
P-BJ-I00-002;PROMO. ACTIVITES FEMMES L'OUEME;Benin;RDGW;2.22;1.15291575;ADF;Microfinance;2006;468310
P-BF-DB0-011;PROJET D'ENTRETIEN ROUTIER;Burkina Faso;RDGW;11.28;9.99144518;ADF;Transport;2006;1426084
P-CM-DB0-007;PROJ. D'AMENAGEMENT  ROUTE AMBAM-EKING;Cameroon;RDGC;9.93;8.45448014;ADF;Transport;2006;42570
P-ER-AAF-001;FISHERIES INFRA. DEV. PROJECT;Eritrea;RDGE;13.08;11.2615579;ADF;Agriculture;2006;9901
P-ET-DB0-008;ROUTE ALEMGENA-BUTAJIRA;Ethiopia;RDGE;25;17.85150772;ADF;Transport;2006;928278
P-GN-AA0-008;PAMIER A HUILE ET D`HEVEA DE DIECKE, PHASE III    ;Guinea;RDGW;30.16;4.80416953;ADF;Agriculture;2006;4779
P-MG-DB0-004;REHABILITATION ET ENTRETIEN ROUTIER;Madagascar;RDGC;22.13;12.43076768;ADF;Transport;2006;198548
P-MW-EA0-006;DISTRICT WATER SUPPLY III;Malawi;RDGS;12.3;11.21635355;ADF;Water Sup/Sanit;2006;113130
P-ML-DB0-006;PROJET D'ENTRETIEN ROUTIER;Mali;RDGW;18.3;14.09080376;ADF;Transport;2006;346495
P-MZ-IE0-002;CAPACITY BUILDING FOR POVERTY REDUCTION  ;Mozambique;RDGS;2.51;2.16707341;ADF;Health;2006;11250907
P-MZ-IB0-004;BEIRA CORRIDOR HEALTH PROJECT;Mozambique;RDGS;8.57;6.42413161;ADF;Health;2006;974489
P-NE-AAD-001;AMENAGEMENT DES FORETS NATURELLES;Niger;RDGW;10.23;9.29910252;ADF;Agriculture;2006;90900
P-SN-AA0-004;PROJ. MODERNIS. & D'INTENS. AGRIC. (PMIA;Senegal;RDGW;11.62;9.99129553;ADF;Agriculture;2006;146172
P-SL-F00-002;BUMBUNA HYDRO-ELECTRIC PROJECT;Sierra Leone;RDGW;131.49;34.64993364;ADF;Power;2013;14493
P-TZ-DB0-008;MUTUKULA-MUHUTWE ROAD;Tanzania;RDGE;24.25;14.9102982;ADF;Transport;2006;799315
P-TZ-DB0-013;EL NINO INFRA. REHAB. PROJECT;Tanzania;RDGE;10.85;4.37382458;ADF;Transport;2006;3386187
P-TN-FAC-001;PROJET D'ELECTRIFICATION RURALE (ELECTRICITE VI);Tunisia;RDGN;64.57;40.78935434;ADB;Power;2006;33315
P-TN-AAC-005;EXTENS. DE LA ZONE DE SAUV.DES AGRUMES DU CAP BON.;Tunisia;RDGN;12.4;7.42131586;ADB;Agriculture;2006;209473
P-TN-AAC-006;AMENAGEMENT HYDROAGRICOLE DE JENDOUBA;Tunisia;RDGN;26.22;9.62358471;ADB;Agriculture;2006;36406
P-TN-IAC-001;PROJET D'APPUI A L'ENSEIGNEMENT SECONDAIRE (PAES)I;Tunisia;RDGN;61.31;33.41347878;ADB;Education;2006;16895
P-UG-DB0-014;ROAD MAINTENANCE & UPGRADING PROJECT ;Uganda;RDGE;16.76;8.59924294;ADF;Transport;2006;1693168
P-UG-FA0-001;URBAN POWER REHABILITATION PROJECT;Uganda;RDGE;21.49;11.84304555;ADF;Power;2006;9291
P-UG-IAE-001;STRENGTH O SCIENCE & TECH. TEACHER EDUC.;Uganda;RDGE;15.778542;12.05035558;ADF;Education;2006;3819
P-UG-IBA-001;SUPPORT TO THE HEALTH SECTOR PLAN;Uganda;RDGE;35.97;30.58060745;ADF;Health;2006;1726091
P-ZM-FA0-001;FALLS-KATIMA TRANSMISSION PROJECT;Zambia;RDGS;11.98;4.75273253;ADF;Power;2006;39276
P-ZM-IB0-004;SUPPORT TO THE NAT. AIDS CTRL PROGRAMME;Zambia;RDGS;1.078956;0.72516827;ADF;Health;2006;672102
P-BJ-IA0-003;PROJET EDUCATION III;Benin;RDGW;9;7.9604643;ADF;Education;2007;13156
P-BF-IA0-004;PROJET EDUCATION IV;Burkina Faso;RDGW;18.5;16.34788013;ADF;Education;2007;13447
P-ER-AAE-001;NATIONAL LIVESTOCK DEVELOPMENT ;Eritrea;RDGE;10.0323;10.024;ADF;Agriculture;2007;999
P-GA-IB0-001;PROJET DE DEVELOPPEMENT DES c;Gabon;RDGC;16.907301;4.59111704;ADB;Health;2007;36897
P-GH-DB0-006;TETTEH QUARSHIE CIRCLE MAMFE ROAD;Ghana;RDGW;66.84;17.38788216;ADF;Transport;2007;22783
P-GN-IA0-003;PROJET EDUCATION III;Guinea;RDGW;13;11.5;ADF;Education;2007;566735
P-KE-IBA-001;RURAL HEALTH PROJECT II;Kenya;RDGE;9.16;6.23311478;ADF;Health;2007;321863
P-MG-DZ0-001;PROJ. REPARATION DEGATS CYCLONIQUES CAUS;Madagascar;RDGC;7.24;1.74309914;ADF;Transport;2007;1805697
P-MW-AA0-016;RURAL INCOME ENHANCEMENT PROJECT;Malawi;RDGS;9.89;5.92642584;ADF;Agriculture;2007;188759
P-NE-AAC-002;MOBILISATION  EAUX DANS LE DEPT TAHOUA;Niger;RDGW;8.97;7.95;ADF;Agriculture;2007;11399
P-TZ-DB0-012;Shelui-Nzega Road Upgrading Project;Tanzania;RDGE;26.75;13.81507881;ADF;Transport;2007;929613
P-TZ-IA0-001;EDUCATION II PROJECT   ;Tanzania;RDGE;22.5;19.74383834;ADF;Education;2007;928046
P-TZ-IE0-001;SMALL ENTREPRENEURS LOAN FACILITY;Tanzania;RDGE;8.9;7.66228125;ADF;Microfinance;2007;120075
P-UG-IAZ-001;Education II (ESIP);Uganda;RDGE;24.98;21.83652162;ADF;Education;2007;26832
P-BJ-AAE-003;PROJET ELEVAGE III;Benin;RDGW;11.18;7.91775226;ADF;Agriculture;2008;1645377
P-BJ-AAD-002;AMENAGEMENT DES MASSIFS FORESTIERS;Benin;RDGW;17.16;10.4138336;ADF;Agriculture;2008;81517
P-BF-D00-004;DEUXIEME PROGRAMME ROUTIER;Burkina Faso;RDGW;24.75;21.9725107;ADF;Transport;2008;2476901
P-BF-IE0-002;Projet de réduction de la pauvreté au niveau communal (PRPC) ;Burkina Faso;RDGW;17.66;15.2839541;ADF;Microfinance;2008;101253
P-BF-IBZ-001;SANTE II;Burkina Faso;RDGW;11.11;10;ADF;Health;2008;2769869
P-BF-EAB-001;OUAGADOUGOU DRINKING WATER SUPPLY PROJECT (ZIGA PROJECT);Burkina Faso;RDGW;128.489443037975;4.454;ADF;Water Sup/Sanit;2008;51996
P-CM-D00-005;PROJET D'AMENAGEMENT ROUTIER DANS LES PROVINCES DE;Cameroon;RDGC;17.27;14.99983478;ADF;Transport;2008;1154541
P-CM-AZ0-001;APPUI AUX PROJET NAT.DE VULGARISAT AGRIC.(P.N.V.A);Cameroon;RDGC;8.97;6.99895233;ADF;Agriculture;2008;968428
P-CM-AAD-001;APPUI A LA FORESTERIE RURALE & A L'AGROFORESTERIE;Cameroon;RDGC;6.8368;4.88537959;ADF;Agriculture;2008;2925628
P-DJ-ID0-001;APPUI A LA PROMOTION DE LA FEMME;Djibouti;RDGE;0.784;0.72;ADF;Microfinance;2008;367714
P-EG-AZ0-002;AGRICULTURAL LINE OF CREDIT TO THE PBDAC;Egypt;RDGN;18.63;15.87927204;ADB;Agriculture;2008;10181
P-ET-FA0-004;RURAL ELECTRIFICATION PROJECT;Ethiopia;RDGE;43.33;34.23361909;ADF;Power;2009;166952
P-GM-FA0-001;RURAL ELECTRIFICATION PROJECT;Gambia;RDGW;14.86;2.83987101;ADF;Power;2010;264494
P-GM-A00-001;PERI-URBAN SMALHOLDER IMPROVEMENT PROJECT;Gambia;RDGW;5.7198;5.07;ADF;Agriculture;2008;12410
P-GN-IB0-001;SANTE III;Guinea;RDGW;7.89;6.02072904;ADF;Health;2008;194968
P-GW-D00-004;PROJET DE REHABILITATION INFRASTRUCTURES ROUTIERES;Guinea-Bissau;RDGW;9.48;4.04381616;ADF;Transport;2008;189906
P-LS-D00-008;MPHARANE BELA ROAD UPGRANDING PROJECT;Lesotho;RDGS;4.77;4.29;ADF;Transport;2008;60708
P-MW-A00-002;HORTICULTURE AND FOOD CROPS DEVELOPMENT PROJECT;Malawi;RDGS;9.67;6.27245854;ADF;Agriculture;2008;24372
P-MW-AA0-019;MACADAMIA SMALLHOLDER DEVELOPMENT PROJECT;Malawi;RDGS;10.15;6.11648104;ADF;Agriculture;2008;166774
P-MW-IB0-004;RURAL HEALTH CARE PROJECT III;Malawi;RDGS;11.12;8.19766836;ADF;Health;2008;434948
P-ML-AA0-009;PROG. MISE EN VALEUR DES PLAINES DU MOYEN BANI (I);Mali;RDGW;27.340182;19.77;ADF;Agriculture;2008;379419
P-ML-AAC-001;PROJET D'AMENA. DU PERIMETRE IRRIGUE DE MANINKOURA;Mali;RDGW;15.36;12.89905472;ADF;Agriculture;2008;15774
P-MZ-DB0-006;ROADS REHABILITATION AND UPGRADING PROJECT;Mozambique;RDGS;35.23;20.56270173;ADF;Transport;2008;668302
P-RW-IE0-001;REDUCTION DE PAUVRETE & ACTIONS EN FAV.DES FEMMES;Rwanda;RDGE;10.65;8.58243221;ADF;Microfinance;2008;16117
P-SL-AA0-009;PERI-URBAN AGRICULTURAL DEVELOPMENT PROJECT;Sierra Leone;RDGW;12.7;12;ADF;Agriculture;2008;13228
P-UG-IE0-002;RURAL MICROFINANCE SUPPORT PROJECT (RMSP);Uganda;RDGE;19.54;14.86300423;ADF;Microfinance;2008;162017
P-TD-A00-003;PROJET DE DEVELOPPEMENT RURAL DE LA PREFECTURE DU LAC;Chad;RDGC;25;20.35510377;ADF;Agriculture;2009;3810
P-EG-AAB-005;EL BEHEIRA RURAL DEVELOPMENT PROJECT II;Egypt;RDGN;29.72;11.07685417;ADB;Agriculture;2009;131851
P-EG-ID0-001;SUPPORT TO WOMEN'S ECONOMIC EMPOWERMENT IN NEW LAN;Egypt;RDGN;8.17;5.64498614;ADB;Microfinance;2009;19840
P-EG-IBZ-001;HEALTH SECTOR REFORM PROGRAM;Egypt;RDGN;300.9;11.77225103;ADB;Health;2009;25516
P-ET-IBA-001;PRIMARY HEALTH CARE PROJECT;Ethiopia;RDGE;32.97;19.65849863;ADF;Health;2009;723897
P-ET-AAE-006;NATIONAL LIVESTOCK DEVELOPMENT PROJECT;Ethiopia;RDGE;32.224;26.99999963;ADF;Agriculture;2009;55868
P-ET-AZ0-001;INSTITUTIONAL SUPPORT PROJECT TO THE WOMEN’S AFFAIRS OFFICE;Ethiopia;RDGE;1.17442;1.0337061;ADF;Agriculture;2009;1179
P-GM-AAF-002;Artisanal Fisheries Development Project ;Gambia;RDGW;10.15;2.9;ADF;Agriculture;2009;1350
P-LS-AB0-002;HIGHLANDS NATURAL RESOURCES AND RURAL INCOME ENHANCEMENT PROJECT;Lesotho;RDGS;6.28;5.09478557;ADF;Agriculture;2009;40564
P-MG-IA0-003;EDUCATION III;Madagascar;RDGC;18.31;9.39192355;ADF;Education;2009;264819
P-MG-IBA-001;PROJET SANTE II;Madagascar;RDGC;14.61;12.24116591;ADF;Health;2009;7433513
P-MW-AA0-018;SMALLHOLDER IRRIGATION PROJECT;Malawi;RDGS;6.4;5.01868283;ADF;Agriculture;2009;65289
P-MW-AAA-001;SMALL-HOLDER OUTGROWER SUGAR-CANE PRODUCTION PROJECT ;Malawi;RDGS;10.48;8.92402857;ADF;Agriculture;2009;19755
P-MR-AAE-002;PROJET DE GESTION DES PARCOURS ET DEVELOPPEMENT DE L'ELEVAGE (PADEL);Mauritania;RDGN;10.682404;3.97855458;ADF;Agriculture;2009;677164
P-MR-AAF-003;Projet de développement de la pêche artisanale, phase 2 (PDPA II);Mauritania;RDGN;11.92467409;4.32199084;ADF;Agriculture;2009;7249
P-MU-DB0-007;SOUTH EASTERN HIGHWAY PROJECT;Mauritius;RDGS;21.15;6.53716751;ADB;Transport;2009;75654
P-MA-FAC-011;INTERCONNEXION DES RESEAUX ELECTRIQUES;Morocco;RDGN;99.20847846;71.29044619;ADB;Power;2009;4184663
P-MA-IA0-002;PROJ D'APPUI ENSEIGMT FONDAMT DE QUALITE;Morocco;RDGN;60.6;25.03757779;ADB;Education;2009;13246
P-MZ-AA0-011;Massingir Dam & Smalholder Agricultural Rehabilitation Project;Mozambique;RDGS;61;54.65452097;ADF;Agriculture;2009;31950
P-MZ-E00-001;MAPUTO WATER SUPPLY REHABILITATION PROJECT;Mozambique;RDGS;23.33;17.44;ADF;Water Sup/Sanit;2009;168195
P-MZ-E00-002;Integrated Water Supply and Sanitation Project for Nampula and Niassa Provinces (ASNANI);Mozambique;RDGS;16.29;13.39;ADF;Water Sup/Sanit;2009;680597
P-NE-AAC-004;THE AGRICULTURAL DEVELOPMENT SUPPORT PROJECT IN ZINDER REGION;Niger;RDGW;6.6;5.8;ADF;Agriculture;2009;746970
P-RW-AAE-002;DAIRY CATTLE BREEDING DEVELOPMENT SUPPORT ROJECT;Rwanda;RDGE;15.68;13.49528299;ADF;Agriculture;2009;49953
P-SN-AAE-002;PROJET D’APPUI A l’ELEVAGE – PHASE II;Senegal;RDGW;12;9.96587476;ADF;Agriculture;2009;15403
P-TZ-AA0-018;Agricultural Marketing Systems Development Programme (AMSDP);Tanzania;RDGE;19.42;16.71892029;ADF;Agriculture;2009;1484475
P-TZ-IAE-003;Alternative Learning and Skills Development Project ;Tanzania;RDGE;7.3;6.5079928;ADF;Microfinance;2009;5646
P-TN-AA0-002;PROGR.DE DEVELOPPEMT.AGRICOLE INTEGRE DE KASSERINE;Tunisia;RDGN;15.13216;13.72341089;ADB;Agriculture;2009;6241
P-TN-AA0-004;PROGRAMME DE DEVELOPPMT. AGRICOLE INTEGRE DU GABES;Tunisia;RDGN;14.34312031;14.34312031;ADB;Agriculture;2009;6750
P-TN-AA0-005;PROGRAMME DE DEVELOPPEMT.AGRICOLE INTEGRE DE GAFSA;Tunisia;RDGN;14.88188064;14.88188064;ADB;Agriculture;2009;15500
P-UG-AA0-014; NORTH -WEST SMALLHOLDER AGRICULTURAL DEVELOPMENT PROJECT;Uganda;RDGE;19.6015;17.4844118;ADF;Agriculture;2009;1106964
P-UG-AA0-020;AREA-BASED AGRICULTURAL MODERNISATION PROGRAMME PAR;Uganda;RDGE;22.474;9.0686014;ADF;Agriculture;2009;807030
P-UG-E00-002;SMALL TOWNS WATER AND SANITATION PROJECT;Uganda;RDGE;20.92;18.41;ADF;Water Sup/Sanit;2009;283718
P-UG-E00-005;UGANDA RURAL WATER SUPPLY AND SANITATION PROJECT PCR;Uganda;RDGE;156.4;40;ADF;Water Sup/Sanit;2009;1125320
P-ZM-AA0-007;ZAMBIA AGRICULTURAL SECTOR INVESTMENT PROGRAMME;Zambia;RDGS;35.01;14.91679086;ADF;Agriculture;2009;155212
P-ZM-IA0-003;EDUCATION III PROJECT;Zambia;RDGS;9.45;7.55164799;ADF;Education;2009;60333
P-ZM-IB0-003;Health Sector Support Project II;Zambia;RDGS;10.2;7.5742935;ADF;Health;2009;59449
P-ZM-E00-003;CENTRAL PROVINCE RURAL WATER SUPPLY AND SANITATION PROJECT;Zambia;RDGS;11.6;10.87;ADF;Water Sup/Sanit;2009;651638
P-BJ-IZ0-001;Programme de développement des ressources humaines (PDRH)      ;Benin;RDGW;18.25;10.89090164;ADF;Education;2010;5207
P-BF-AAE-002;Projet de Développement de l’Elevage dans la Province du Soum- phase II (PDES II);Burkina Faso;RDGW;12.35;9.98183145;ADF;Agriculture;2010;239071
P-BF-IBZ-002;Appui à la Lutte contre le VIH/Sida;Burkina Faso;RDGW;5.27;4.99996234;ADF;Health;2010;1651954
P-EG-IE0-002;Projet de soutien des petites et moyennes entreprises;Egypt;RDGN;61.10346091;57.06112184;ADB;Microfinance;2010;59737
P-GA-IAE-001;Renforcement de l’Enseignement technique et professionnel (ETP);Gabon;RDGC;18.37;15.58;ADB;Education;2010;5749
P-GM-IA0-004;Basic Education Project (Education III);Gambia;RDGW;11.1;9.95569354;ADF;Education;2010;33591
P-GH-AAA-001;Cashew Development Project;Ghana;RDGW;11.54;9.04248498;ADF;Agriculture;2010;110578
P-GH-AAC-002;Small Scale Irrigation Development Project;Ghana;RDGW;22.46;12.79398549;ADF;Agriculture;2010;34178
P-GH-AAD-001;COMMUNITY FORESTRY MANAGEMENT PROJECT;Ghana;RDGW;9.5;6.91756853;ADF;Agriculture;2010;96482
P-GN-AAF-006;Projet de Développement de la Pêche Artisanale et de la Pisciculture;Guinea;RDGW;10.1;4.84766926;ADF;Agriculture;2010;8639
P-GN-I00-003; Projet de Développement Social Durable  en Haute et Moyenne Guinée (PDSD/HMG);Guinea;RDGW;24.15;19.81776156;ADF;Microfinance;2010;620791
P-GN-I00-001;Projet d'Appui aux Activités Economiques des Femmes;Guinea;RDGW;3.33;2.59981877;ADF;Microfinance;2010;1966693
P-LS-DB0-009;Likalaneng -Thaba Tseka Road Upgrading - Lot1 (Likalaneng -Cheche's Pass);Lesotho;RDGS;33.53;8.74275874;ADF;Transport;2010;5215
P-MG-AA0-002;Projet de Lutte Préventive Antiacridienne (PLPA;Madagascar;RDGC;11.08;5.92942752;ADF;Agriculture;2010;942
P-MW-AAZ-002;Lake Malawi Artisanal Fisheries Development Project (LMAFDP);Malawi;RDGS;9.21;7.48769304;ADF;Agriculture;2010;83576
P-MW-I00-002;SKILLS DEVELOPMENT AND INCOME GENERATION PROJECT;Malawi;RDGS;10.93;9.53433418;ADF;Education;2010;86243
P-MW-E00-003;Integrated Rural Water Supply and Sanitation Project for Ntchisi and Mzimba    ;Malawi;RDGS;9.82390465067779;8.50282;ADF;Water Sup/Sanit;2010;527171
P-ML-AAZ-003; PROJET DE DEVELOPPEMENT RURAL DU CERCLE D'ANSONGO (PRODECA);Mali;RDGW;10.82;9.41541759;ADF;Agriculture;2010;49766
P-ML-AAB-001;Projet d'Appui à la Filière Semencière ;Mali;RDGW;6.04;5.39091746;ADF;Agriculture;2010;42642
P-MR-IA0-002;Projet d'appui au programme national de développement du système éducatif (PNDSE);Mauritania;RDGN;9.7;8.08377577;ADF;Education;2010;14312
P-MZ-A00-001;SMALL SCALE IRRIGATION PROJECT;Mozambique;RDGS;15.44;12.89710109;ADF;Agriculture;2010;10475
P-NE-IB0-006;Projet de renforcement de l'équité en matière de genre;Niger;RDGW;3.16;2.86452854;ADF;Microfinance;2010;3461
P-NE-IB0-002;Projet d'amélioration de la qualité des soins de santé dans les régions de Tahoua et Tillabéri (PSII FAD);Niger;RDGW;18.14;15.53070694;ADF;Health;2010;3082169
P-RW-DB0-008;Projet  d’Infrastructures Routières ;Rwanda;RDGE;16.69;14.61324997;ADF;Transport;2010;528844
P-RW-AAD-001;PROJET D'APPUI A L'AMENAGEMENT DES FORETS AU RWANDA;Rwanda;RDGE;11.51;8.87973013;ADF;Agriculture;2010;294771
P-RW-E00-010;Programme d’Alimentation en Eau Potable et d’Assainissement en Milieu Rural - PNEAR (Premier Sous-programme);Rwanda;RDGE;16.846708;12.7478;ADF;Water Sup/Sanit;2010;387293
P-SN-AA0-006;Projet  de pistes communautaires en appui au programme national d’infrastructures rurales (PPC/PNIR);Senegal;RDGW;19.8357;11.68049577;ADF;Agriculture;2010;176659
P-SN-E00-002;Projet d’Assainissement de la Ville de Dakar (PAVD);Senegal;RDGW;13.3801955484912;11.86808423;ADF;Water Sup/Sanit;2010;620892
P-SZ-DB0-010;Mbabane Bypass Road Project;Swaziland;RDGS;40.245998;23.75924648;ADB;Transport;2010;171792
P-TZ-EA0-008;Monduli District Water Supply and Sanitation Project;Tanzania;RDGE;16.2440255302688;14.62;ADF;Water Sup/Sanit;2010;87636
P-ZM-AAC-001;Small-Scale Irrigation Project (SIP);Zambia;RDGS;8.04;5.78857932;ADF;Agriculture;2010;11613
P-BJ-DB0-010;Projet de réaménagement de la route Djougou-N'Dali;Benin;RDGW;23.14;13.44038494;ADF;Transport;2011;302031
P-BJ-FA0-002;Deuxième projet d’électrification rurale;Benin;RDGW;15.88;12.32;ADF;Power;2011;676584
P-BJ-AB0-004;Projet d’appui au développement rural du Mono et Couffo (PADMOC);Benin;RDGW;10.55;6.82787037;ADF;Agriculture;2011;51775
P-BJ-AA0-002;Projet Bois de Feu Phase II;Benin;RDGW;11.75;8.33937882;ADF;Agriculture;2011;12109
P-BJ-IBZ-001;PROJET D’APPUI A LA LUTTE CONTRE LE VIH/SIDA;Benin;RDGW;2.84;2.69951816;ADF;Health;2011;625487
P-BF-DB0-012;Projet  de pistes rurales (PPR);Burkina Faso;RDGW;18.76;15.05493989;ADF;Transport;2011;2921108
P-BF-AA0-021;PROJET D’APPUI AU DEVELOPPEMENT LOCAL DES PROVINCES DE LA COMOE DE LA LERABA ET DU KENEDOUGOU (PADL-CLK);Burkina Faso;RDGW;17.74;13.84136997;ADF;Agriculture;2011;374981
P-BF-AB0-011;PROJET DE DEVELOPPEMENT RURAL DECENTRALISE ET PARTICIPATIF DANS LES PROVINCES DU BAZEGA ET DU KADIOGO (PDRDP – B/K);Burkina Faso;RDGW;20.24;14.8423428;ADF;Agriculture;2011;358465
P-BF-AA0-019;Projet de Gestion Durable des Ressources Forestières dans les Régions Sud- Ouest, Centre- Est et Est  (PROGEREF);Burkina Faso;RDGW;23.82;10.22935158;ADF;Agriculture;2011;558277
P-BI-AA0-010;Projet d’Aménagement des Bassins Versants du Burundi « PABV »;Burundi;RDGE;10.44;8.99842107;ADF;Agriculture;2011;2249605
P-CM-AB0-001;Grassfield Decentralised and Participatory Rural Development Project;Cameroon;RDGC;16.5;14.99995445;ADF;Agriculture;2011;363635
P-CM-IBD-003;PROJET DE DEVELOPPEMENT DU SYSTÈME DE SANTE (PDSS);Cameroon;RDGC;8.97;8.00602593;ADF;Health;2011;5697
P-TD-A00-004;PROJET DE DEVELOPPEMENT RURAL DU DEPARTEMENT DE BILTINE (PDRDB);Chad;RDGC;12.02;8.99943846;ADF;Agriculture;2011;262047
P-TD-IA0-001;Renforcement de l’enseignement technique et de la formation professionnelle (Education V).;Chad;RDGC;7.485;5.52983311;ADF;Education;2011;65594
P-TD-IBA-002;PROJET DE RENFORCEMENT DU SYSTEME DE SANTE ET APPUI A LA LUTTE CONTRE LE VIH/SIDA ET LES MALADIES EPIDEMIQUES;Chad;RDGC;13.03;5.91378294;ADF;Health;2011;345919
P-CD-IA0-001;PROJET D'APPUI AU SECTEUR DE L'EDUCATION;Dem Rep Congo;RDGC;5.5;4.66812155;ADF;Education;2011;1427
P-CD-K00-001;PROJET REHABIL. SOCIO-ECONOMIQUE(PMURIS);Dem Rep Congo;RDGC;26.8515762777778;24.16641865;ADF;Water Sup/Sanit;2011;1221767
P-ET-A00-002;Rural Financial Intermediation Project (RUFIP);Ethiopia;RDGE;70;33.07533242;ADF;Agriculture;2011;5433805
P-GM-AA0-007;Farmer-Managed Rice Irrigation Project (FMRIP);Gambia;RDGW;6.4203;5.436695;ADF;Agriculture;2011;101616
P-GM-AAA-001;Participatory Integrated Watershed Management Project (PIWAMP);Gambia;RDGW;12.09;4.94973829;ADF;Agriculture;2011;67270
P-GH-AA0-025;Livestock Development Project;Ghana;RDGW;22.07;18.08826823;ADF;Agriculture;2011;336510
P-GH-AAB-001;Inland Valleys Rice Development Project;Ghana;RDGW;17.0948;11.64370403;ADF;Agriculture;2011;40868
P-GN-AB0-004;Projet d'Hydraulique Rural en Haute Guinée;Guinea;RDGW;17.11;14.80200757;ADF;Agriculture;2011;465193
P-GN-AB0-005;Projet d’Appui au Programme National d’infrastructures rurales, Phase II (PNIR2);Guinea;RDGW;17;3.32635855;ADF;Agriculture;2011;978
P-GW-I00-003;Projet de Réhabilitation Post-Conflit;Guinea-Bissau;RDGW;6.39;4.03996707;ADF;Microfinance;2011;318457
P-KE-DB0-016; Roads 2000-District Rural Roads Rehabilitation;Kenya;RDGE;22.28;16.82691194;ADF;Transport;2011;2119979
P-MG-E00-002;Projet d’Alimentation en Eau Potable et d’Assainissement en Milieu Rural dans le Grand Sud – AEPA GS;Madagascar;RDGC;8.87500630517024;7.89;ADF;Water Sup/Sanit;2011;145798
P-MW-IA0-004;SUPPOT TO SECONDARY EDUCATION – (EDUCATION IV) PROJECT;Malawi;RDGS;16.7;14.72032201;ADF;Education;2011;7448
P-ML-AA0-015;PROJET D’APPUI AU DEVELOPPEMENT RURAL DES PLAINES DE DAYE, HAMADJA ET KORIOUME ;Mali;RDGW;11;7.5898865;ADF;Agriculture;2011;362040
P-ML-AA0-016;Deuxième Ligne de Crédit à la BNDA;Mali;RDGW;47.3;14.84855361;ADF;Agriculture;2011;370354
P-MR-DB0-006;CONSTRUCTION DE LA ROUTE ROSSO-BOGHE;Mauritania;RDGN;56.31;12.28388194;ADF;Transport;2011;21815
P-MR-EA0-004;PROJET D’APPROVISIONNEMENT EN EAU POTABLE DE LA VILLE DE NOUAKCHOTT « AFTOUT ESSAHLI »;Mauritania;RDGN;155.0011;9.95;ADF;Water Sup/Sanit;2011;45577
P-MA-HZ0-003;PROGRAMME D’APPUI AU DEVELOPPEMENT DU SECTEUR FINANCIER (PADESFI);Morocco;RDGN;280.683;144.3631535;ADB;Microfinance;2011;240706
P-MA-E00-005;Huitième Projet d'Alimentation en Eau potable et assainissement;Morocco;RDGN;71.3062153147625;47.962882584;ADB;Water Sup/Sanit;2011;1076212
P-MZ-DB0-003;VANDUZI-CHANGARA ROAD PROJECT;Mozambique;RDGS;20.79;15.83688724;ADF;Transport;2011;97588
P-MZ-AAZ-001;Family Farming Income Enhancement Project;Mozambique;RDGS;15.16;12.71174692;ADF;Agriculture;2011;31863
P-MZ-IA0-006;EDUCATION IV;Mozambique;RDGS;19.19;9.66257651;ADF;Education;2011;33796
P-MZ-E00-003;Urban Water Supply, Sanitation & Institutional Support Project;Mozambique;RDGS;21.9;19.3;ADF;Water Sup/Sanit;2011;250807
P-NE-IA0-005;Projet de Renforcement de l’éducation de base;Niger;RDGW;13.33;11.45253057;ADF;Education;2011;21256
P-NG-IB0-006;HEALTH SYSTEMS DEVELOPMENT PROJECT (HEALTH IV);Nigeria;RDGW;163.93;34.74;ADB;Health;2011;635759
P-RW-KE0-001;DRINKING WATER AND ELECTRICITY SUPPLY;Rwanda;RDGE;20.87;17.66403746;ADF;Power;2011;614492
P-SN-DB0-008;PROJET D’ENTRETIEN ROUTIER (PER);Senegal;RDGW;32.23;27.19505192;ADF;Transport;2011;5047918
P-SN-AB0-002;Projet d’appui au développement rural dans le bassin de l’Anambé (PADERBA);Senegal;RDGW;8.285;5.95248925;ADF;Agriculture;2011;31612
P-SL-IE0-002;Social Action Support Project;Sierra Leone;RDGW;13.33;9.25953892;ADF;Microfinance;2011;1389278
P-SL-IAZ-001;Rehabilitation of Basic and Non-Formal Education and Vocational Skills Education Project (Education III);Sierra Leone;RDGW;34.94;14.96533615;ADF;Education;2011;432622
P-TZ-IBZ-001;FIRST HEALTH REHABILITATION PROJECT;Tanzania;RDGE;29.5;13.37767189;ADF;Health;2011;1236527
P-TZ-EA0-009;RURAL WATER SUPPLY & SANITATION PROGRAM;Tanzania;RDGE;223;55;ADF;Water Sup/Sanit;2011;591928
P-TZ-E00-003;Dar es Salaam Water Supply and Sanitation Project;Tanzania;RDGE;102.057488853574;33.98658322;ADF;Water Sup/Sanit;2011;666028
P-TG-IA0-001; FAD EDUCATION II;Togo;RDGW;12.403;10.90304207;ADF;Education;2011;35081
P-UG-AA0-019;LIVESTOCK PRODUCTIVITY IMPROVEMENT PROJECT;Uganda;RDGE;33.6;25.96988451;ADF;Agriculture;2011;292161
P-UG-AAF-002;UGANDA FISHERIES DEVELOPMENT PROJECT;Uganda;RDGE;25.516;21.96382727;ADF;Agriculture;2011;258236
P-BJ-AAF-001;Programme d’Appui au Développement  Participatif  de la Pêche Artisanale (PADPPA);Benin;RDGW;17.94;4.13135561;ADF;Agriculture;2012;140475
P-BJ-EA0-002;Programme d’Alimentation Eau Potable et Assainissement en Milieu Rural (PAEPA);Benin;RDGW;9.63396560697393;8.16643967;ADF;Water Sup/Sanit;2012;293184
P-BF-A00-002;Programme d'investissement  communautaire;Burkina Faso;RDGW;21.09;6.4;ADF;Agriculture;2012;242769
P-BF-E00-006;PROGRAMME D'APPROVISIONNEMENT EN EAU POTABLE;Burkina Faso;RDGW;24.420551;18.938;ADF;Water Sup/Sanit;2012;1070047
P-CM-A00-006;Projet de développement participatif du RUMPI;Cameroon;RDGC;19.96;14.43825942;ADF;Agriculture;2012;361680
P-TD-AAE-004;Projet d'Appui au Système d'Elevage Pastoral (PASEP);Chad;RDGC;23.67192522;15.23101586;ADF;Agriculture;2012;450395
P-CD-AA0-001;Projet d'Appui a la Réhabilitation du Secteur Agricole et Rural (PARSAR);Dem Rep Congo;RDGC;28.01;25;ADF;Agriculture;2012;1004106
P-DJ-IBE-001;RENFORCEMENT DES SERVICES DE SANTE DE BASE;Djibouti;RDGE;10;5.18435349;ADF;Health;2012;322338
P-ER-IAZ-001;Support to the Education Sector Development Program (ESDP);Eritrea;RDGE;20.4;18.58868637;ADF;Education;2012;1643737
P-ET-A00-001;KOGA IRRIGATION AND WATERSHED MANAGEMENT PROJECT;Ethiopia;RDGE;37.8401;32.06071055;ADF;Agriculture;2012;50836
P-ET-D00-004;BUTAJIRA-HOSSAINA-SODO ROAD UPGRADING PROJECT;Ethiopia;RDGE;45.9;33.00269916;ADF;Transport;2012;62554
P-ET-E00-005;PROJET D’ADDUCTION D’EAU ET D’ASSAINISSEMENT DE HARAR;Ethiopia;RDGE;26.526544242199;19.22465314;ADF;Water Sup/Sanit;2012;181183
P-GH-A00-001;RURAL ENTERPRISES PROJECT;Ghana;RDGW;22.959;7.47948536;ADF;Agriculture;2012;53139
P-GH-IAC-001 ; Development of Senior Secondary Education- Education III;Ghana;RDGW;27.78;24.31715953;ADF;Education;2012;26611
P-KE-E00-002;RIFT VALLEY WATER SUPPLY AND SANITATION PROJECT;Kenya;RDGE;19.426562387907;16.54142936;ADF;Water Sup/Sanit;2012;434257
P-LS-I00-001;SUPPORT TO HEALTH REFORMS PROGRAM;Lesotho;RDGS;10.69;6.10847984;ADF;Health;2012;4490
P-ML-AAC-005;Projet d’Intensification du Périmètre Irrigué de Baguinéda ;Mali;RDGW;17.08;14.92;ADF;Agriculture;2012;24459
P-MA-DB0-004;II° PROGRAMME DE ROUTES RURALES (PNRR2);Morocco;RDGN;41.3620828;40.10087598;ADB;Transport;2012;2194039
P-MA-IBD-008;"LA REFORME DE LA COUVERTURE MEDICALE – PHASE II (PARCOUM II)
";Morocco;RDGN;62.37914042;62.37914042;ADB;Health;2012;8500000
P-MZ-AAF-001;ARTISANAL FISHERIES DEVELOPMENT PROJECT;Mozambique;RDGS;18.4984;8.41038219;ADF;Agriculture;2012;45465
P-NE-A00-002;Projet de développement Agro-Pastoral DIFFA;Niger;RDGW;16.86;15;ADF;Agriculture;2012;127224
P-RW-DB0-010;GITARAMA-NGORORERO-MUKAMIRA ROAD PROJECT;Rwanda;RDGE;37.4;14.69270686;ADF;Transport;2012;350218
P-SN-IA0-004;EDUCATION IV;Senegal;RDGW;22.2;12.85051412;ADF;Education;2012;144713
P-SN-E00-003;Initiative de la BAD pour l’Approvisionnement en Eau Potable et l’Assainissement en Milieu Rural – Sous –Programme de lancement;Senegal;RDGW;28.9090429964;24.92158879;ADF;Water Sup/Sanit;2012;571984
P-SZ-AAA-001;Komati Downstream Development Project;Swaziland;RDGS;17.12;12.76768373;ADB;Agriculture;2012;7458
P-TZ-DB0-015;ZANZIBAR ROADS UPGRADING PROJECT;Tanzania;RDGE;18.81;15.29081306;ADF;Transport;2012;97549
P-TZ-DB0-014;ROADS REHABILITATION/ UPGRADING PROJECT;Tanzania;RDGE;42.94;15.56846094;ADF;Transport;2012;1771106
P-TZ-IAC-002;Program in Support of the Secondary Education Development Plan;Tanzania;RDGE;754;20;ADF;Education;2012;58355
P-TZ-IAE-004;TANZANIA SUPPORT TO THE STRATEGIC ACTION PLAN FOR VOCATIONAL EDUCATION AND TRAINING;Tanzania;RDGE;17.6;15.42745353;ADF;Education;2012;4295
P-TN-DB0-008;AMENAGEMENT RESEAU CLASSE-IV;Tunisia;RDGN;232.60248;147.0365453;ADB;Transport;2012;3450633
P-TN-FAC-002;ASSAINISSEMENT DES RESEAUX DE DISTRIBUTION D'ELECTRICITE (ELECTRICITE VII);Tunisia;RDGN;71.61946585;68.75072404;ADB;Power;2012;5104525
P-UG-DB0-017;ROAD SECTOR SUPPORT PROJECT;Uganda;RDGE;33.47;27.92602044;ADF;Transport;2012;748421
P-UG-IAZ-002;Support to post primary education project (education III project);Uganda;RDGE;22.23;19.98812103;ADF;Education;2012;8148
P-ZM-E00-005;CENTRAL PROVINCE EIGHT CENTRES WATER SUPPLY AND SANITATION PROJECT;Zambia;RDGS;23.8503228845072;21.34207234;ADF;Water Sup/Sanit;2012;244614
P-BF-AA0-020;Projet Mise en Valeur Petits Barrages;Burkina Faso;RDGW;11.36;9.39411338;ADF;Water Sup/Sanit;2013;8269
P-BF-IA0-005;Appui à l’Education de Base et au Renforcement des Capacités (Education V);Burkina Faso;RDGW;18.89;17;ADF;Education;2013;139815
P-BI-IE0-002;MULTI-SECTOR PROJECT FOR SOCIO-ECONOMIC REINSERTION;Burundi;RDGE;10.95;8.48853734;ADF;Microfinance;2013;271323
P-CM-IAE-002;Appui à la réforme de l'enseignement technique et de la formation professionnelle;Cameroon;RDGC;17;9.06353931;ADF;Education;2013;1242
P-CM-EB0-003;Projet d'assainissement de Yaoundé(PADY);Cameroon;RDGC;24.71183256;21.69023256;ADF;Water Sup/Sanit;2013;431406
P-TD-IAZ-002;Projet d'appui au secteur de l'éducation;Chad;RDGC;6.02;4.69451013;ADF;Education;2013;9483
P-TD-EA0-001;Programme National d’alimentation en Eau potable et d’Assainissement en milieu Rural (PNEAR);Chad;RDGC;13.88694118;11.624315;ADF;Water Sup/Sanit;2013;292974
P-CD-AB0-005;REHABILITATION SECT AGRI & RURAL PROV 3K;Dem Rep Congo;RDGC;39.4;35;ADF;Agriculture;2013;365483
P-DJ-IA0-002;PROJET EDUCATION III;Djibouti;RDGE;5.56;4.15981204;ADF;Education;2013;5061
P-DJ-E00-001;PROJET D'ASSAINISSEMENT DE LA VILLE DE D;Djibouti;RDGE;16.16;5.985727;ADF;Water Sup/Sanit;2013;28892
P-EG-FAA-012;EL KUREIMAT COMBINED CYCLE POWER PLANT PROJECT (MODULE II);Egypt;RDGN;209.747052;155.1969619;ADB;Power;2013;125424
P-ET-A00-003;AGRICULTURE SECTOR SUPPORT PROJECT;Ethiopia;RDGE;55.475;39.0012;ADF;Agriculture;2013;432571
P-GH-IE0-003;URBAN POVERTY REDUCTION PROJECT (UPRP) ;Ghana;RDGW;27.78;25;ADF;Water Sup/Sanit;2013;226560
P-GH-IBD-001;Ghana Health Services Rehabilitation Project III (HSRP III);Ghana;RDGW;29.73;18.64;ADF;Health;2013;10282408
P-GN-IA0-004;PROJET D'APPUI AU DEVELOPPEMENT DE L'EDU(Project IV);Guinea;RDGW;15.6;14;ADF;Education;2013;7521
P-KE-IAZ-001;Education III project;Kenya;RDGE;34.64;31.01;ADF;Education;2013;27754
P-MG-DB0-010;PROJET ROUTIER LA PROVINCE DE TOLIARA;Madagascar;RDGC;41.86;31.42285705;ADF;Transport;2013;562999
P-MW-IAC-001;SUPPORT TO SECONDARY EDUCATION PROJECT V;Malawi;RDGS;16.66;15;ADF;Education;2013;76080
P-MU-EB0-005;PLAINES WILHEMS SEWERAGE PROJECT - ST.1;Mauritius;RDGS;132.37;13.68048531;ADB;Water Sup/Sanit;2013;6548
P-MA-FAC-013;Centrale Thermo Solaire Ain Beni Mathar;Morocco;RDGN;209.7243923;134.9171694;ADB;Power;2014;2586843
P-MR-EA0-005;PROJET D’APPROVISIONNEMENT EN EAU ET D’ASSAINSSEMENT EN MILIEU RURAL DANS LA ZONE MERIDIONALE;Mauritania;RDGN;9.65843633;7.88275087;ADF;Water Sup/Sanit;2015;166123
P-MZ-AA0-015;RURAL FINANCE INTERM.SUPPORT PROJECT;Mozambique;RDGS;18.64;15.36;ADF;Agriculture;2013;105217
P-RW-AAF-001;INLAND LAKES INTEGRATED DEVELOPMENT AND MANAGEMENT SUPPORT PROJECT/PROJET D’APPUI A L’AMENAGEMENT INTEGRE ET LA GESTION DES LACS INTERIEURS (PAIGELAC);Rwanda;RDGE;16.8;14.76;ADF;Agriculture;2013;6966
P-ST-IAZ-002;DEVELOPPEMENT DES RESSOURCES HUMANINES;Sao Tome;RDGS;4;4;ADF;Education;2013;645
P-SN-IB0-003;SANTE II;Senegal;RDGW;14.85;11.06846741;ADF;Health;2013;1550331
P-SL-IB0-003;Strenghtening District Health Services Project;Sierra Leone;RDGW;18.9;17;ADF;Health;2013;2655911
P-UG-AAC-001;FARM INCOME ENHANCEMENT AND FOREST CONSE;Uganda;RDGE;51.1459;41.18869935;ADF;Agriculture;2013;273642
P-UG-IB0-003;Support to the Health Sector Strategic Plan Project II;Uganda;RDGE;22.22;20;ADF;Health;2013;3306039
P-BI-EA0-004;PROJET DE REHABILITATION ET D'EXTENSION DES INFRASTRUCTURES HYDRAULIQUES EN MILIEU RURAL;Burundi;RDGE;11.638347;11.263147;ADF;Water Sup/Sanit;2014;272909
P-CD-DB0-001;Projet de réhabilitation des routes Nsele - Lufi;Dem Rep Congo;RDGC;58.28;44.7181889;ADF;Transport;2014;9187
P-CD-IBD-001;SANTE I APPUI AU PDDS EN PROV.ORIENTALE;Dem Rep Congo;RDGC;27.49;25;ADF;Health;2014;1570687
P-EG-FAA-013;ABU QIR 1300 MW STEAM POWER PROJECT;Egypt;RDGN;875.8938914;215.6535997;ADB;Power;2014;1252189
P-GH-AA0-015;AFRAM PLAINS DISTRICT AGRICULTURAL DEVEL;Ghana;RDGW;22.45;19.97;ADF;Agriculture;2014;222630
P-GN-DB0-005;PROJET DE REAMENAGEMENT DE LA ROUTE TOMBO-GBESSIA;Guinea;RDGW;55.91;8.25;ADF;Transport;2014;209533
P-GW-AAF-004 / P-GW-AAF-003;APPUI SECTEUR  PECHE  ;Guinea-Bissau;RDGW;8.82288225;7.75316925;ADF;Agriculture;2014;1257
P-GW-AA0-008;REHABILITATION DU SECTEUR AGRICOLER AGRI;Guinea-Bissau;RDGW;6.55;5.8;ADF;Agriculture;2014;36750
P-KE-C00-001;EWASO NGIRO NORTH NAT RES CONS PROJECT;Kenya;RDGE;13.93595957;13.05809697;ADF;Agriculture;2014;83581
P-KE-AAA-002;RESTOR OF FARM INFRAST & RURAL LIVELI;Kenya;RDGE;16.673;15;ADF;Agriculture;2014;53080
P-MG-A00-001;PROJET REHABILITATION PERIMETRE MANOMBO;Madagascar;RDGC;10.764;9.49727685;ADF;Agriculture;2014;42351
P-MW-AAC-001;SMALLHOLDER CROP PRODUCTION & MARKETING;Malawi;RDGS;16.82;15;ADF;Agriculture;2014;40604
P-MW-IB0-005;Support to the health sector Programme;Malawi;RDGS;15;15;ADF;Health;2014;2954097
P-MR-AAC-007;Projet d’Aménagement hydo-agricole de Brakna-Ouest (PAHABO);Mauritania;RDGN;12.83;6.97;ADF;Agriculture;2015;8396
P-MA-AAZ-002;ASSISTANCE TECHNIQUE POUR LA PROMOTION D;Morocco;RDGN;0.592317;0.4972;ADB;Agriculture;2014;29380
P-RW-A00-007;APPUI DEVELOPPEMENT AGRICOLE BUGESERA;Rwanda;RDGE;13;10;ADF;Agriculture;2014;46731
P-SN-DB0-010;AUTOROUTE DAKAR-DIAM NIADIO;Senegal;RDGW;214.42;45;ADF;Transport;2014;62961
P-TZ-AAZ-001;DISTRICT AGRICULTURAL SECTOR INVESTMENT;Tanzania;RDGE;58.015;42.99799251;ADF;Agriculture;2014;2519920
"P-DJ-IE0-002
P-DJ-IE0-003";PROJET DE REDUCTION DE LA PAUVRETE;Djibouti;RDGE;5.81568497;5.34468497;ADF;Microfinance;2016;56392
P-EG-IE0-003;RIEEP-RURAL INCOM & ECONOMIC ENHANCEMENT;Egypt;RDGN;51.314285;50;ADB;Microfinance;2016;80372
P-GM-AZ0-001;SUSTAINABLE LAND MANAGEMENT PROJECT;Gambia;RDGW;3.029752;2.8505902;ADF;Agriculture;2016;64394
P-BJ-DB0-013;PROJET ROUTE NDALI-NIKKI;Benin;RDGW;36.85;33.68;ADF;Transport;2015;746718
P-BJ-AAD-003;GESTION FORETS COMMUNALES (PAGEFCOM);Benin;RDGW;43.7;35;ADF;Agriculture;2015;400458
P-KE-IZ0-001;COMMUNITY EMPOWERMENT PROJECT (CEISP);Kenya;RDGE;19.22383541;16.86479041;ADF;Microfinance;2016;27298
P-KE-IAE-001;SUPPORT FOR TIVET PROJECT;Kenya;RDGE;32.906065;23.247108;ADF;Education;2016;12716
P-MG-AAB-002; RET SUPPLEMENTAIRE- BAS MANGOKY;Madagascar;RDGC;11.89220498;10.42156898;ADF;Agriculture;2016;7338
P-BF-IBZ-003;APPUI AU DEV SANIT REG CEN -EST ET NORD;Burkina Faso;RDGW;28;25;ADF;Health;2015;1979506
P-BI-DB0-015;PROJET GITEGA- NYANGUNGU-NGOZI PHASE 1;Burundi;RDGE;24.255;24.1;ADF;Transport;2015;770047
P-BI-K00-009;Programme d’Appui aux Réformes Economiques, Phase V (PARE V);Burundi;RDGE;12;12;ADF;Microfinance;2015;15000
P-MG-AAF-001;APPUI AUX COMMUNAUTÉS DE PECHEURS DE TUL;Madagascar;RDGC;6.40241953;5.67733653;ADF;Agriculture;2016;63777
P-BI-IE0-003;PROJET DE CREATION D'EMPLOIS;Burundi;RDGE;51.01;10;ADF;Agriculture;2015;628547
P-MW-IE0-002;SUPPORT TO LOCAL ECONOMIC DEVELOPMENT;Malawi;RDGS;16.93657957;13.19713326;ADF;Microfinance;2016;39761
P-CV-FA0-001;RENF. PRODUCT. TRANSP & DISTR SANTIAGO;Cape Verde;RDGW;37.88108698;4.76372408;ADB;Power;2015;29545
P-MW-E00-004;NATIONAL WATER DEVELOPMENT PROGRAM;Malawi;RDGS;40.24077173;14.74619513;ADF;Water Sup/Sanit;2016;475145
P-Z1-DB0-067;MULTI-NACALA ROAD CORRIDOR (MALAWI);Multinational;RDGS;8.92565833;8.92565833;ADF;Transport;2016;1000000
"P-Z1-AA0-093 (Benin)
P-Z1-AA0-094 (Burkina Faso)
P-Z1-AA0-095 (Mali)
P-Z1-AA0-092 (Chad)
P-Z1-AA0-075 (WAEMU)";PROJET APPUI  FILLIERE COTON -UEMOA;Multinational;RDGW;34.14433637;30.64364447;ADF;Agriculture;2016;282091
P-RW-E00-005;DEUXIEME SOUS-PROGRAMME D'AEPA EN MILIEU;Rwanda;RDGE;23.76800576;9.95595976;ADF;Water Sup/Sanit;2016;715008
P-TZ-IE0-002;SMALL ENTREPRENEURS LOAN FACILITY II;Tanzania;RDGE;20.36355542;18.75375542;ADF;Microfinance;2016;323020
P-UG-IE0-003;RURAL INC. & EMP. ENHANC. PROJ. (RIEEP);Uganda;RDGE;9.73984221;9.72465373;ADF;Microfinance;2016;722697
P-UG-IAC-001;POST PRIMARY EDUC&TRAINING REHAB(EDU IV);Uganda;RDGE;57.78;52;ADF;Education;2016;108860
P-ZM-E00-009;RURAL WATER SUPPLY & SANITATION PROGRAM;Zambia;RDGS;12.063968;12.063968;ADF;Water Sup/Sanit;2016;893059
P-ER-IAD-001;SUPPORT TO HIGHER EDUCATION DEVELOPMENT;Eritrea;RDGE;15.210563;12.450563;ADF;Education;2016;9823
P-KE-DB0-019;REHABILITATION OF TIMBOROA  ELDORET ROAD;Kenya;RDGE;38.41222108;31.00527957;ADF;Transport;2016;721756
P-ML-EA0-004;Projet d’Approvisionnement en Eau Potable et d’Assainissement  dans les régions de Gao, Koulikoro et Ségou;Mali;RDGW;36.31471;22;ADF;Water Sup/Sanit;2016;345641
P-Z1-AAF-001 ;PROG. D'AMENAG. LAC TANGANYIKA(RDC);Multinational;RDGC;6.8996357;6.76630237;ADF;Agriculture;2016;6046
P-RW-IZ0-003;SEEP II;Rwanda;RDGE;49;49;ADF;Education;2016;86522
P-ZW-E00-002 ;Urgent Water Supply and Sanitation Rehabilitation Project;Zimbabwe;RDGS;43.54421748;43.54421748;ADF;Water Sup/Sanit;2016;2400000
P-Z1-C00-041;MISE EN VALEUR DES REBUTS FORESTIERS ET REFORESTATION DES ESPACES DEGRADES EN AFRIQUE CENTARLE;Cameroon;RDGC;0.837118485;0.837118485;ADF;Agriculture;2016;2448
P-GH-ID0-003;Gender Responsive Skills and Community Development Project (GRSCDP) ;Ghana;RDGW;4.08944758;3.58979;ADF;Education;2016;1469
P-ET-D00-002;WACHA-MAJI ROAD UPGRADING PROJECT;Ethiopia;RDGE;26.28;23.32689274;ADF;Transport;2015;79887
P-AO-A00-001;BOM JESUS -CALENGA RURAL DEV PROJECT;Angola;RDGS;19.87003369;15.15469569;ADB;Agriculture;2017;14647
P-ET-FA0-008;ELECTRICTY TRANS. SYSTEM IMPROV PROJECT;Ethiopia;RDGE;170.86095137;147.86095077;ADF;Power;2017;2250008
P-ET-E00-006;RURAL WATER SUPPLY & SANITATION PROGRAM;Ethiopia;RDGE;54.24;43.592478;ADF;Water Sup/Sanit;2015;1918221
P-GA-D00-001;Programme routier phase une (PR1);Gabon;RDGC;284.23189;256.27;ADB;Transport;2015;112703
P-GA-AAF-002;PROJET D'AP. SECT.  PECHES & AQUACULTURE;Gabon;RDGC;16.6752042;14.49803698;ADB;Agriculture;2015;188668
P-GM-AA0-012;LIVESTOCK AND HORTICULTURE DEVELOPMENT;Gambia;RDGW;4.72;4.02;ADF;Agriculture;2015;20812
P-AO-E00-003;SUMBE WATER SUPPLY, SANITATION AND INSTI;Angola;RDGS;24.14537294;11.98114707;ADB;Water Sup/Sanit;2016;45279
P-BJ-DB0-012;PROJET DE REHA. ROUTEPOBE-KETOU- ILLARA;Benin;RDGW;21.57696853;4.74696853;ADF;Transport;2011;89566
P-BF-FA0-006;RENFORCEMENT INFRASTRUCTURES  ELECTRIQUE;Burkina Faso;RDGW;36.17;25.15;ADF;Power;2016;556262
P-CF-IE0-001;PROJET DE DEVELPT COMMUNAUTAIRE (PDCAGV);Centrafrique;RDGC;5.4797845;5.4797845;ADF;Agriculture;2017;2028
P-GH-AA0-027;EXPORT MARKET AND QUALITY AWARENESS PROG;Ghana;RDGW;18.84;17;ADF;Agriculture;2014;82221
P-TD-DB0-008;PROJET DE ROUTE KOUMRA - SARH;Chad;RDGC;76.10118326;28.83103576;ADF;Transport;2017;76528
P-GN-I00-004;PROJET DE DEVELOPPEMENT SOCIAL DURABLE II (PDSD II);Guinea;RDGW;5.6;5;ADF;Microfinance;2015;1093750
P-GW-IB0-002;APPUI AU PROGRAMME DE DEVELOPPEMENT SANITAIRE;Guinea-Bissau;RDGW;11.11;10;ADF;Health;2015;1527134
P-KM-EA0-001;PROJET D'EAU POTABLE ET D'ASSAINISSEMENT;Comoros;RDGE;7.68067069;7.68067069;ADF;Water Sup/Sanit;2017;45840
P-CG-E00-002;ASSANISSEMEN BRAZZAVILLE ET POINTE-NOIRE;Congo CG;RDGC;20.4380026;12.06347691;ADB;Water Sup/Sanit;2017;41317
P-CD-EA0-004;PROJET D'AEPA EN MILIEU SEMI URBAIN;Dem Rep Congo;RDGC;70.53645639;68.40769281;ADF;Water Sup/Sanit;2016;1291801
P-KE-E00-005;WATER SERVICES BOARDS SUPPORT PROJECT;Kenya;RDGE;52.68827683;41.93947683;ADF;Water Sup/Sanit;2015;888602
P-EG-FAA-014;AIN SOKHUNA THERMAL POWER PROJECT;Egypt;RDGN;942.885143020623;276.48900597;ADB;Power;2017;2932372
P-ET-FA0-006;RURAL ELECTRIFICATION PROJECT II;Ethiopia;RDGE;114.31;87.2;ADF;Power;2016;1463404
P-LR-IZ0-001;LABOR-BASED PUBLIC WORKS PROJECT;Liberia;RDGW;16.04;15.24;ADF;Health;2015;285037
P-GH-D00-008;ROAD INFRASTRUCTURE PROJECT 2003;Ghana;RDGW;18.5410943;15.04356188;ADF;Transport;2017;599915
"P-GH-D00-009
 P-GH-DB0-014";AKATSI-DZODZE-NOEPÉ ROAD UPGRADING PROJECT;Ghana;RDGW;23.38598388;20.48598388;ADF;Transport;2017;302218
P-MG-IBE-001;LUTTE CONTRE MALADIES TRANSMISSIBLES;Madagascar;RDGC;25;9.23930705;ADF;Health;2015;130588
P-GH-DB0-004;TEMA-AFLAO ROAD REHABILITATION PROJECT;Ghana;RDGW;45.25675443;36.63409582;ADF;Transport;2017;89042
P-GH-DB0-012;AWOSHIE POKUASE ROAD & COMMUNITY DEV;Ghana;RDGW;65.65217597;33.88;ADF;Transport;2017;120240
P-GH-DB0-016;FUFULSO-SAWLA ROAD PROJECT;Ghana;RDGW;81.90178075;80.78463123;ADF;Transport;2017;50304
P-GH-F00-003;POWER SYSTEM REINFORCEMENT PROJECT;Ghana;RDGW;31.57;27.6;ADF;Power;2014;17485
P-GH-AA0-030;NORTHERN RURAL GROWTH PROGRAM;Ghana;RDGW;68.385;40;ADF;Agriculture;2017;118282
P-GH-E00-004;ACCRA SEWERAGE IMPROVEMENT PROJECT (ASIP;Ghana;RDGW;50.44715157;44.70715157;ADF;Water Sup/Sanit;2017;1063461
P-GN-FA0-005;RÉHABILITATION DES RÉSEAUX ÉLECTRIQUES;Guinea;RDGW;19.24;12;ADF;Power;2015;493971
P-ML-DB0-011;AMÉNAGEMENT SECTION ROUTE URBAINE BAMAKO;Mali;RDGW;14.51;12;ADF;Transport;2015;69469
P-KE-DB0-018;NAIROBI-THIKA HIGHWAY IMPROVEMENT PROJEC;Kenya;RDGE;228.9769818;118.58531384;ADF;Transport;2017;629239
P-ML-IA0-003;Projet Appui au PRODEC (Educ IV);Mali;RDGW;16.67;14.33909231;ADF;Education;2015;783635
P-KE-FA0-004;POWER TRANSMISSION IMPROVEMENT PROJECT;Kenya;RDGE;57.71838728;43.64838728;ADF;Power;2017;1164595
P-KE-FA0-003;MOMBASSA NAIROBI TRANSMISSION LINE;Kenya;RDGE;183.83;50;ADF;Power;2015;1051660
P-KE-AAZ-001;KIMIRA-OLUCH SMALLHOLDER IRRIGATION DEVE;Kenya;RDGE;58.57;24.13;ADF;Agriculture;2017;3898
P-KE-AAZ-002;SMALLSCALE  HORTICULTURE DEVELOPMENT PRO;Kenya;RDGE;20.023341;17;ADF;Agriculture;2017;21681
P-MA-A00-002;PROGRAMME D'APPUI AU PLAN MAROC VERT;Morocco;RDGN;93.56871062;93.56871062;ADB;Agriculture;2015;20000
P-KE-IB0-001;RURAL HEALTH PROJECT III;Kenya;RDGE;30.10556457;22.10556457;ADF;Health;2013;216824
P-KE-E00-007;SMALL MED TOWNS WATER SUPPLY & WASTE WAT;Kenya;RDGE;75.641524;67.72152397;ADF;Water Sup/Sanit;2017;508258
P-MA-E00-007;DIXIEME PROJET D'AEP;Morocco;RDGN;83.363409;64.71278632;ADB;Water Sup/Sanit;2015;2406447
P-KE-EB0-003;NAIROBI RIVERS BASIN REHABILITATION AND;Kenya;RDGE;33.54621587;29.30617587;ADF;Water Sup/Sanit;2017;21840
P-LS-IA0-002;EDUC. QUAL. ENHANCEMENT PROJ.(EDUC III);Lesotho;RDGS;10.33679244;8.30679244;ADF;Education;2017;1381
P-MG-E00-005;PROGRAMME D'ALIMENTATION EN EAU POTABLE;Madagascar;RDGC;38.08;32.05;ADF;Water Sup/Sanit;2017;1380389
P-MW-DB0-011;MALAWI TRUNK ROAD REHABILITATION;Malawi;RDGS;19.03444978;19.03444978;ADF;Transport;2017;1000000
P-MW-AAA-004;AGRICULTURE INFRASTRUCTURE SUPPORT PROJE;Malawi;RDGS;15.6449105;14.78649393;ADF;Agriculture;2017;6127
P-MW-C00-001;GEF CARLA CLIMATE ADAPTATION;Malawi;RDGS;1.91230946;1.91230946;ADF;Agriculture;2017;37664
P-ML-E00-006;PROGRAMME AEPA EN MILIEU RURAL;Mali;RDGW;10.01;7.54;ADF;Water Sup/Sanit;2013;119314
P-MR-IE0-004;RENFORC. CAPACITES ACTEURS  MICROFINANCE;Mauritania;RDGN;7.32040874;5.44582874;ADF;Microfinance;2015;167660
P-Z1-DB0-014;UEMOA -GHANA-PROGRAMME ROUTIER 1;Multinational;RDGW;182.39;66.18007837;ADF;Transport;2015;1269972
P-MA-D00-001;PROJET DE CONSTRUCTION DE L'AUTOROUTE MARRAKECH-AGADIR;Morocco;RDGN;585.85086;101.285586;ADB;Transport;2011;1441872
P-MZ-FA0-006;ELECTRICITY  IV PROJECT;Mozambique;RDGS;38.5268056861849;33.2868056861849;ADF;Power;2016;109998
P-MZ-FA0-004;RURAL ELECTRIF.PROJECT (ELECT III);Mozambique;RDGS;19.33;16.59;ADF;Power;2013;712349
P-Z1-AA0-090;FARA - PROMOTION OF SCIENCE AND TECHNOLO;Multinational;RDGW;18.922;15.581;ADF;Agriculture;2015;575012
P-MZ-AA0-026;MASSINGIR DAM AND SMALLHOLDER AGRICULTUR;Mozambique;RDGS;22.03108598;16.71595193;ADF;Agriculture;2017;15175
P-MZ-E00-008;NATIONAL RURAL WATER SUPPLY PROGRAM;Mozambique;RDGS;12.483921;10.75436608615;ADF;Water Sup/Sanit;2017;620275
P-MZ-E00-006;NIASSA PROV TOWNS WATER AND SANITATION;Mozambique;RDGS;19.81775595;17.51656395;ADF;Water Sup/Sanit;2017;120208
"P-Z1-DB0-038
P-Z1-DB0-040";ARUSHA- NAMANGA-ATHI RIVER ROAD DEVELOPM;Multinational;RDGE;97.86556155;50.37334776;ADF;Transport;2017;4117759
P-Z1-DB0-063;NACALA CORRIDOR PROJECT PHASE II(ZAMBIA);Multinational;RDGS;53.63471909;53.754719;ADF;Transport;2017;1503356
P-Z1-EA0-003;SADC SHARED WATERCOURSES SUPPORT PROJECT FOR RUVUMA, BUZI AND SAVE RIVER BASINS;Multinational;RDGS;8.353713;8.353713;ADF;Water Sup/Sanit;2015;29153
P-NE-AAC-008;VALORISATION EAUX DOSSO ET TILLABERI LES;Niger;RDGW;14.93;13;ADF;Agriculture;2015;296116
P-Z1-DB0-045;PROGRAMME DE FACILITATION DU TRANSPORT SUR LES CORRIDORS DOUALA-BANGUI ET DOUALA-N’DJAMENA;Multinational;RDGC;58.18867761;45.7636316;ADF;Transport;2014;1572939
P-NG-AA0-027;NATIONAL PROGRAMME FOR FOOD SECURITY;Nigeria;RDGW;27.57568;22;ADB;Agriculture;2015;228984
P-RW-DB0-012;PROJET DE ROUTE BUTARE-KITABI-NTENDEZI;Rwanda;RDGE;46.74;16;ADF;Transport;2015;581943
P-NE-EA0-007;PROJET D'AEPA EN MILIEU RURAL DANS 3 RÉG;Niger;RDGW;11.16;9.86;ADF;Water Sup/Sanit;2015;186439
P-TZ-IB0-001;SUPPORT TO MATERNAL MORTALITY REDUCTION;Tanzania;RDGE;44.44;40;ADF;Health;2015;1407109
P-TN-DB0-009;PROJET  ROUTIER -V;Tunisia;RDGN;235.160530311757;145.63666438;ADB;Transport;2017;1029976
P-NG-IA0-001;SKILLS TRAINING AND VOCATIONAL EDUCATION;Nigeria;RDGW;27.72764972;24.01764972;ADB;Education;2017;1882
P-TN-AA0-007;PDAI DE KAIROUAN;Tunisia;RDGN;24.56868866;15.8656888;ADB;Agriculture;2015;1721619
P-TN-IAC-002;PROJET  APPUI A L'ENSEIGN. SECONDAIRE II;Tunisia;RDGN;100;52.72392238;ADB;Education;2015;97803
P-UG-DB0-018;ROAD SECTOR SUPPORT PROJECT  2;Uganda;RDGE;67.67;57.94237324;ADF;Transport;2015;882250
P-UG-DB0-020;ROAD SECTOR SUPPORT PROJECT 3;Uganda;RDGE;110.27;80;ADF;Transport;2015;672531
P-SN-FA0-002;PROJET D'ÉLECTRIFICATION RURALE;Senegal;RDGW;18.01;9.58;ADF;Power;2015;242927
P-UG-AB0-001;COMMUNITY AGRICULTURAL INFRASTRUCTURE I;Uganda;RDGE;34.2;30;ADF;Agriculture;2015;8205263
P-UG-AAZ-001;MARKETS AND AGRICULTURAL TRADE IMPROVEME;Uganda;RDGE;42.224;38;ADF;Agriculture;2015;35099
P-SN-A00-001;DEVELOPPEMENT  RURAL  EN CASAMANCE;Senegal;RDGW;21.26994;19.319959;ADF;Agriculture;2015;133245
P-SN-E00-004;DEUXIEME SOUS-PROGRAMME AEPA EN MILEIU R;Senegal;RDGW;31.45438754;29.1141098;ADF;Water Sup/Sanit;2017;740478
P-SL-D00-004;PORT LOKO LUNGI ROAD;Sierra Leone;RDGW;26.49335;25.512922;ADF;Transport;2016;462237
P-ZM-E00-008;NKANA WATER SUPPLY AND SANITATION PROJ.;Zambia;RDGS;38.8184072;34.9984072;ADF;Water Sup/Sanit;2015;634850
P-TZ-FA0-008;ELECTRICITY V;Tanzania;RDGE;33.57;30;ADF;Power;2015;112869
P-ML-IE0-002;Projet d’Appui au Développement Communautaire (PADEC);Mali;RDGW;18.73;15;ADF;Microfinance;2015;277804
P-TZ-E00-004;ZANZIBAR WATER AND SANITATION PROJECT;Tanzania;RDGE;33.225285;27.925285;ADF;Water Sup/Sanit;2017;203774
P-TZ-EA0-010;RURAL WATER SUPPLY AND SANITATION PHASE;Tanzania;RDGE;200;65;ADF;Water Sup/Sanit;2017;2314498
P-UG-FA0-002;BUJAGALI INTERCONNECTION PROJECT;Uganda;RDGE;48.6772220673935;38.1454000673935;ADF;Power;2015;219419
P-UG-AB0-002;Community Agricultural Infrastructure Improvement Programme – Project 2 (CAIIP-2);Uganda;RDGE;50.62;44.7;ADF;Agriculture;2017;5803406
P-ZW-FA0-001;THE EMERGENCY POWER INFRASTRUCTURE REHABILITATION PROJECT;Zimbabwe;RDGS;22.70902435274;22.70902435274;ADF;Power;2017;2600000
P-CM-E00-006;AEPA EN MILIEU RURAL;Cameroon;RDGC;17.232496;15.074746;ADF;Water Sup/Sanit;2017;2384357
P-LR-A00-001;AGRICULTURE SECTOR REHABILITATION PROJECT;Liberia;RDGW;12.37877493;12.03550266;ADF;Agriculture;2017;12054
P-Z1-IA0-009;MAINSTREAMING MANAGING FOR DEVELOPMENT RESULTS IN RMC : MFDR (AFCOP);Multinational;RDGS;8.95115184;8.95115184;ADF;Microfinance;2017;10562
P-RW-AAE-004;LIVESTOCK INFRASTRUCTURE SUPPORT PROGRAMME  - LISP;Rwanda;RDGE;21.81;21.81;ADF;Agriculture;2015;144214
P-ST-AA0-004;PROJET DE REHABILITATION DES INFRASTRUCUTRES D'APPUI À LA SÉCURITÉ ALIMENTAIRE;Sao Tome;RDGS;5.12138169;4.99696763;ADF;Agriculture;2017;14481
P-ZW-IE0-002;YOUTH AND TOURISM ENHANCEMENT PROJECT;Zimbabwe;RDGS;2.69849143;2.69849143;ADF;Microfinance;2017;2345
P-ST-AAE-003;PROJET D'APPUI A L'ELEVAGE PHASE II;Sao Tome;RDGS;4.34209;4;ADF;Agriculture;2014;1431
P-RW-IZ0-004;SEEP III;Rwanda;RDGE;35.9;35.9;ADF;Microfinance;2017;23292
P-CI-IZ0-004;Youth Employability and Integration  Support Programme (PAAEIJ);Cote d'ivoire;RDGW;18.833;18.833;ADF;Education;2016;301226
"P-SN-AAC-002
P-SN-AAC-003";Project to Support Local Small-Scale Irrigation (PAPIL);Senegal;RDGW;26.41102643;22.11272064;ADF;Agriculture;2015;165888
"P- TD-C00-001
P- TD-C00-002";Projet de gestion et de valorisation des ressources naturelles en zone soudanienne;Chad;RDGC;21.31498004;5.14503357;ADF;Agriculture;2015;2392
P-Z1-IAD-004;Support to a Network of African Institutions of Science and Technology (SNAIST);Multinational;RDGW;11.62280276;11.62280276;ADF;Education;2017;2500
P-BF-E00-008;RURAL DRINKING WATER SUPPLY AND SANITATION PROJECT IN FOUR REGIONS (CASCADES, WEST-CENTRAL, SOUTH-CENTRAL, AND SAHEL);Burkina Faso;RDGW;32.63012976;28.71549032;ADF;Water Sup/Sanit;2017;527358
P-Z1-C00-010;CONGO BASIN ECOSYSTEMS CONSERVATION SUPPORT PROGRAMME (PACEBCo);Multinational;RDGC;25.86949552;25.26556952;ADF;Agriculture;2017;5664598
P-TZ-DB0-016;SINGIDA-BABATI-MINJINGU ROAD UPGRADING PROJECT;Tanzania;RDGE;109.297662;55.382662;ADF;Transport;2017;10134281
P-Z1-AB0-005;Projet d’Appui aux Infrastructures Rurales de la région naturelle de Bugesera (PAIRB);Multinational;RDGE;14.48719962;14.23258362;ADF;Agriculture;2017;252188
P-Z1-C00-026;PROJET PILOTE REDD GEOGRAPHIQUEMENT INTEGRE D’ECOMAKALA;Dem Rep Congo;RDGC;2.01680924;2.01680924;ADF;Agriculture;2017;158594
P-Z1-C00-028;PROJET PILOTE REDD GEOGRAPHIQUEMENT INTEGRE D’ISANGI;Dem Rep Congo;RDGC;1.88259307;1.88259307;ADF;Agriculture;2017;3066
P-CM-E00-002;PROJET D'AEPA EN MILIEU SEMI URBAIN;Cameroon;RDGC;29.82078503;29.82078503;ADF;Water Sup/Sanit;2018;1028538
P-GN-F00-004;PROJET D'ELECTRIFICATION RURALE;Guinea;RDGW;14.95392652;14.95392652;ADF;Power;2018;94200
P-CI-E00-002;PROJET GESTION INTÉGRÉE BASSIN GOUROU;Cote d'ivoire;RDGW;23.507083;21.932326;ADF;Water Sup/Sanit;2018;2612426
P-GM-E00-003;RURAL WATER SUPPLY SANITATION PROJECT;Gambia;RDGW;4.87709389;4.87709389;ADF;Water Sup/Sanit;2018;65000
P-LR-E00-003;URBAN WATER AND SANITATION PROJECT;Liberia;RDGW;22.75106946;22.75106946;ADF;Water Sup/Sanit;2018;632700
P-ML-AAE-004;DVPT PRODUCTIONS ANIMALES KAYES SUD;Mali;RDGW;21.85076483;14.72801019;ADF;Agriculture;2018;358070
P-MA-DA0-004;3 EME PROJET AEROPORTUAIRE;Morocco;RDGN;127.525588484693;79.64295832;ADB;Transport;2018;12715335
P-MA-AAC-014;APPUI PROG NAT ECONOMIE EAU IRRIGATION;Morocco;RDGN;57.6970869582634;43.96587087;ADB;Agriculture;2018;19099
P-Z1-C00-037;PROJECT TO SUPPORT SUSTAINABLE FOREST RESOURCE MANAGEMENT IN GABON;Multinational;RDGC;3.59425990062;3.59425990062;ADF;Agriculture;2018;470
"P-Z1-FA0-032
P-Z1-FA0-030
";NELSAP INTERCONNECTION PROJECT-KENYA;Multinational;RDGE;29.47658252;21.41640712;ADF;Power;2018;2310992
P-Z1-AAE-004;PROJET DE GESTION DURABLE DU BETAIL RUMI;Multinational;RDGW;30.685252;19.247706;ADF;Agriculture;2018;6581
P-Z1-CZ0-002;DEVELOPPEMENT DURABLE BASSIN LAC TCHAD;Multinational;RDGC;28.7448;28.7448;ADF;Agriculture;2018;30000000
P-Z1-IAD-002;UEMOA - APPUI A L'ENSEIGNEMENT SUPERIEUR;Multinational;RDGW;21.24963478;19.01321352;ADF;Education;2018;1429
P-SD-EA0-002;DARFUR WATER PROJECT;Sudan;RDGE;2.80034742612907;2.70735868;ADF;Water Sup/Sanit;2018;507567
P-NG-DB0-005;RURAL ACCESS & MOBILITY PROJECT;Nigeria;RDGW;88.87935898;31.03157118;ADB;Transport;2018;588183
P-RW-IAD-002;SUPPORT TO SCIENCE AND TECHNOLOGY SKILLS;Rwanda;RDGE;6.786636;5.854636;ADF;Education;2018;417
P-GQ-IAE-001;PROGRAMME DE FORMATION CADRES MOYEN&SUP;Eq Guinea;RDGC;28.11763204;13.29964473;ADB;Education;2018;51
P-NE-E00-003;PROJET AEPA EN MILIEU RURALE PHASE 2;Niger;RDGW;34.069;19.28164739;ADF;Water Sup/Sanit;2018;149979
P-Z1-AAZ-010;CGIAR - SUPPORT TO AGRICULTURAL RESEARCH;Multinational;RDGN;53.9;39.9;ADF;Agriculture;2018;675783
P-Z1-IAZ-006;AFRICAN VIRTUAL UNIVERSITY SUPPORT PROJECT (PHASE 2);Multinational;RDGE;13.61781472;9.97781472;ADF;Education;2018;16624
P-UG-AB0-003;COMMUNITY AGRICULTUAL INFRASTRUCTURE IMPROVEMENT PROGRAMME - PROJECT 3 (CAIIP-3);Uganda;RDGE;46.85;39.35;ADF;Agriculture;2018;10764366
P-Z1-IBE-010;Strengthening West Africa’s Public Health Systems Response to the Ebola Crisis (SWAPHS);Multinational;RDGW;40;40;ADF;Health;2018;23622781
P-BI-C00-001;Watershed Management and Climate Resilience Improvement Project (PABVARC);Burundi;RDGE;8.92141986;8.07911295;ADF;Agriculture;2018;273487
P-ET-DB0-011;Jima – Mizan Road Upgrading Project;Ethiopia;RDGE;55.75426753;55.75426753;ADF;Transport;2018;2580
P-GH-EBZ-001;A Business Approach for Improved Sanitation in Ghana – Organic Fertilisers and Energy as Drivers;Ghana;RDGW;1.39945919;1.39945919;ADF;Water Sup/Sanit;2018;63475
P-LR-EB0-002;Fostering Innovative Sanitation and Hygiene (FISH) in Monrovia, Liberia;Liberia;RDGW;0.870660561227766;0.7863029;ADF;Water Sup/Sanit;2018;8413
P-MW-A00-006;Food crisis Response Budget Support Programme;Malawi;RDGS;27.48097;11.80904492;ADF;Agriculture;2018;110392
P-UG-EB0-002;Uganda - Kawempe Urban Poor Sanitation Improvement Project (KUPSIP);Uganda;RDGE;1.34356;1.00008;ADF;Water Sup/Sanit;2018;122773
